"","province","date","total_cases","new_cases","total_deaths","new_deaths","total_recovered","new_recovered"
"1","Alberta",2020-03-08,1,1,0,0,"N/A",NA
"2","Alberta",2020-03-09,7,6,0,0,"N/A",NA
"3","Alberta",2020-03-11,14,0,0,0,"N/A",NA
"4","Alberta",2020-03-12,19,5,0,0,"N/A",NA
"5","Alberta",2020-03-13,23,4,0,0,"N/A",NA
"6","Alberta",2020-03-14,29,6,0,0,"N/A",NA
"7","Alberta",2020-03-15,39,10,0,0,"N/A",NA
"8","Alberta",2020-03-16,56,17,0,0,"N/A",NA
"9","Alberta",2020-03-17,74,18,0,0,"N/A",NA
"10","Alberta",2020-03-18,97,23,0,0,"N/A",NA
"11","Alberta",2020-03-19,146,49,1,1,"N/A",NA
"12","Alberta",2020-03-20,195,49,1,0,"N/A",NA
"13","Alberta",2020-03-21,226,31,1,0,"N/A",NA
"14","Alberta",2020-03-22,259,33,1,0,"N/A",NA
"15","Alberta",2020-03-23,301,42,1,0,"N/A",NA
"16","Alberta",2020-03-24,358,57,2,1,"N/A",NA
"17","Alberta",2020-03-25,419,61,2,0,"N/A",NA
"18","Alberta",2020-03-26,486,67,2,0,"27",NA
"19","Alberta",2020-03-27,542,56,2,0,"27",0
"20","Alberta",2020-03-28,542,0,2,0,"53",26
"21","Alberta",2020-03-29,621,79,2,0,"73",20
"22","Alberta",2020-03-30,690,69,8,6,"94",21
"23","Alberta",2020-03-31,754,64,9,1,"120",26
"24","Alberta",2020-04-01,754,0,9,0,"142",22
"25","Alberta",2020-04-02,968,214,13,4,"174",32
"26","Alberta",2020-04-03,1075,107,18,5,"N/A",NA
"27","Alberta",2020-04-04,1075,0,18,0,"N/A",NA
"28","Alberta",2020-04-05,1250,175,23,5,"240",NA
"29","Alberta",2020-04-06,1348,98,24,1,"361",121
"30","Alberta",2020-04-07,1373,25,26,2,"",NA
"31","Alberta",2020-04-08,1423,50,29,3,"",NA
"32","Alberta",2020-04-09,1451,28,32,3,"",NA
"33","Alberta",2020-04-10,1500,49,39,7,"",NA
"34","Alberta",2020-04-11,1569,69,40,1,"",NA
"35","Alberta",2020-04-12,1651,82,44,4,"",NA
"36","Alberta",2020-04-13,1732,81,46,2,"",NA
"37","Alberta",2020-04-14,1870,138,48,2,"",NA
"38","Alberta",2020-04-15,1996,126,48,0,"",NA
"39","Alberta",2020-04-16,2158,162,50,2,"",NA
"40","Alberta",2020-04-17,2397,239,50,0,"",NA
"41","Alberta",2020-04-18,2562,165,51,1,"1162",1162
"42","Alberta",2020-04-19,2562,0,51,0,"1162",0
"43","Alberta",2020-04-20,2908,346,59,8,"1230",68
"44","Alberta",2020-04-21,3095,187,61,2,"1273",43
"45","Alberta",2020-04-22,3401,306,66,5,"1310",37
"46","Alberta",2020-04-23,3720,319,67,1,"1357",47
"47","Alberta",2020-04-24,4017,297,72,5,"1397",40
"48","Alberta",2020-04-25,4233,216,73,1,"1471",74
"49","Alberta",2020-04-26,4480,247,73,0,"1549",78
"50","Alberta",2020-04-27,4696,216,75,2,"1664",115
"51","Alberta",2020-04-28,4850,154,80,5,"1800",136
"52","Alberta",2020-04-29,5165,315,87,7,"1953",153
"53","Alberta",2020-04-30,5355,190,89,2,"2161",208
"54","Alberta",2020-05-01,5573,218,92,3,"2359",198
"55","Alberta",2020-05-02,5670,97,94,2,"2534",175
"56","Alberta",2020-05-03,5766,96,95,1,"2713",179
"57","Alberta",2020-05-04,5836,70,104,9,"2942",229
"58","Alberta",2020-05-05,5893,57,106,2,"3219",277
"59","Alberta",2020-05-06,5963,70,112,6,"3552",333
"60","Alberta",2020-05-07,6017,54,114,2,"3809",257
"61","Alberta",2020-05-08,6098,81,115,1,"4020",211
"62","Alberta",2020-05-09,6157,59,116,1,"4204",184
"63","Alberta",2020-05-10,6253,96,117,1,"4389",185
"64","Alberta",2020-05-11,6300,47,117,0,"4659",270
"65","Alberta",2020-05-12,6345,45,118,1,"4866",207
"66","Alberta",2020-05-13,6407,62,120,2,"5076",210
"67","Alberta",2020-05-14,6457,50,121,1,"5205",129
"68","Alberta",2020-05-15,6515,58,125,4,"5317",112
"69","Alberta",2020-05-16,6587,72,126,1,"5377",60
"70","Alberta",2020-05-17,6644,57,127,1,"5453",76
"71","Alberta",2020-05-18,6683,39,128,1,"5519",66
"72","Alberta",2020-05-19,6716,33,128,0,"5584",65
"73","Alberta",2020-05-20,6716,0,128,0,"5584",0
"74","Alberta",2020-05-21,6768,52,132,4,"5710",126
"75","Alberta",2020-05-22,6800,32,134,2,"5801",91
"76","Alberta",2020-05-23,6818,18,135,1,"5869",68
"77","Alberta",2020-05-24,6860,42,135,0,"5924",55
"78","Alberta",2020-05-25,6879,19,138,3,"5979",55
"79","Alberta",2020-05-26,6901,22,139,1,"6048",69
"80","Alberta",2020-05-27,6926,25,141,2,"6106",58
"81","Alberta",2020-05-28,6955,29,143,2,"6160",54
"82","Alberta",2020-05-29,6979,24,143,0,"6220",60
"83","Alberta",2020-05-30,6992,13,143,0,"6245",25
"84","Alberta",2020-05-31,7010,18,143,0,"6283",38
"85","Alberta",2020-06-01,7044,34,143,0,"6501",218
"86","Alberta",2020-06-02,7057,13,143,0,"6537",36
"87","British Columbia",2020-01-31,1,1,0,0,"N/A",NA
"88","British Columbia",2020-02-08,4,3,0,0,"N/A",NA
"89","British Columbia",2020-02-16,5,1,0,0,"N/A",NA
"90","British Columbia",2020-02-21,6,1,0,0,"N/A",NA
"91","British Columbia",2020-02-24,6,0,0,0,"N/A",NA
"92","British Columbia",2020-02-25,7,1,0,0,"N/A",NA
"93","British Columbia",2020-02-26,7,0,0,0,"N/A",NA
"94","British Columbia",2020-02-27,7,0,0,0,"N/A",NA
"95","British Columbia",2020-02-29,7,0,0,0,"N/A",NA
"96","British Columbia",2020-03-01,8,1,0,0,"N/A",NA
"97","British Columbia",2020-03-03,12,4,0,0,"N/A",NA
"98","British Columbia",2020-03-05,21,9,0,0,"N/A",NA
"99","British Columbia",2020-03-06,21,0,0,0,"N/A",NA
"100","British Columbia",2020-03-07,27,6,0,0,"N/A",NA
"101","British Columbia",2020-03-08,27,0,1,1,"N/A",NA
"102","British Columbia",2020-03-09,32,5,1,0,"N/A",NA
"103","British Columbia",2020-03-11,39,0,1,0,"N/A",NA
"104","British Columbia",2020-03-12,46,7,1,0,"N/A",NA
"105","British Columbia",2020-03-13,53,7,1,0,"N/A",NA
"106","British Columbia",2020-03-14,64,11,1,0,"N/A",NA
"107","British Columbia",2020-03-15,73,9,1,0,"N/A",NA
"108","British Columbia",2020-03-16,73,0,4,3,"N/A",NA
"109","British Columbia",2020-03-17,103,30,7,3,"N/A",NA
"110","British Columbia",2020-03-18,186,83,7,0,"N/A",NA
"111","British Columbia",2020-03-19,271,85,8,1,"N/A",NA
"112","British Columbia",2020-03-20,271,0,9,1,"N/A",NA
"113","British Columbia",2020-03-21,424,153,10,1,"N/A",NA
"114","British Columbia",2020-03-22,424,0,10,0,"N/A",NA
"115","British Columbia",2020-03-23,472,48,13,3,"N/A",NA
"116","British Columbia",2020-03-24,617,145,13,0,"N/A",NA
"117","British Columbia",2020-03-25,659,42,14,1,"N/A",NA
"118","British Columbia",2020-03-26,725,66,14,0,"186",NA
"119","British Columbia",2020-03-27,725,0,14,0,"186",0
"120","British Columbia",2020-03-28,884,159,16,2,"396",210
"121","British Columbia",2020-03-29,884,0,17,1,"396",0
"122","British Columbia",2020-03-30,960,76,19,2,"469",73
"123","British Columbia",2020-03-31,970,10,19,0,"507",38
"124","British Columbia",2020-04-01,1066,96,25,6,"606",99
"125","British Columbia",2020-04-02,1121,55,31,6,"641",35
"126","British Columbia",2020-04-03,1174,53,35,4,"641",0
"127","British Columbia",2020-04-04,1203,29,38,3,"705",64
"128","British Columbia",2020-04-05,1203,0,38,0,"704",-1
"129","British Columbia",2020-04-06,1266,63,39,1,"783",79
"130","British Columbia",2020-04-07,1291,25,43,4,"783",0
"131","British Columbia",2020-04-08,1336,45,48,5,"838",55
"132","British Columbia",2020-04-09,1370,34,50,2,"858",20
"133","British Columbia",2020-04-10,1410,40,55,5,"879",21
"134","British Columbia",2020-04-11,1445,35,58,3,"905",26
"135","British Columbia",2020-04-12,1445,0,58,0,"905",0
"136","British Columbia",2020-04-13,1490,45,69,11,"926",21
"137","British Columbia",2020-04-14,1517,27,72,3,"942",16
"138","British Columbia",2020-04-15,1561,44,75,3,"955",13
"139","British Columbia",2020-04-16,1561,0,75,0,"955",0
"140","British Columbia",2020-04-17,1575,14,77,2,"955",0
"141","British Columbia",2020-04-18,1618,43,78,1,"966",11
"142","British Columbia",2020-04-19,1618,0,78,0,"966",0
"143","British Columbia",2020-04-20,1699,81,86,8,"1039",73
"144","British Columbia",2020-04-21,1724,25,87,1,"1041",2
"145","British Columbia",2020-04-22,1795,71,90,3,"1079",38
"146","British Columbia",2020-04-23,1824,29,94,4,"1092",13
"147","British Columbia",2020-04-24,1853,29,98,4,"1114",22
"148","British Columbia",2020-04-25,1948,95,100,2,"1137",23
"149","British Columbia",2020-04-26,1948,0,100,0,"1137",0
"150","British Columbia",2020-04-27,1998,50,103,3,"1190",53
"151","British Columbia",2020-04-28,2053,55,105,2,"1231",41
"152","British Columbia",2020-04-29,2087,34,109,4,"1305",74
"153","British Columbia",2020-04-30,2112,25,111,2,"1322",17
"154","British Columbia",2020-05-01,2145,33,112,1,"1357",35
"155","British Columbia",2020-05-02,2171,26,114,2,"1376",19
"156","British Columbia",2020-05-03,2171,0,114,0,"1376",0
"157","British Columbia",2020-05-04,2224,53,117,3,"1417",41
"158","British Columbia",2020-05-05,2232,8,121,4,"1472",55
"159","British Columbia",2020-05-06,2255,23,124,3,"1494",22
"160","British Columbia",2020-05-07,2288,33,126,2,"1512",18
"161","British Columbia",2020-05-08,2315,27,127,1,"1579",67
"162","British Columbia",2020-05-09,2330,15,129,2,"1659",80
"163","British Columbia",2020-05-10,2330,0,129,0,"1659",0
"164","British Columbia",2020-05-11,2353,23,130,1,"1719",60
"165","British Columbia",2020-05-12,2360,7,131,1,"1832",113
"166","British Columbia",2020-05-13,2376,16,132,1,"1859",27
"167","British Columbia",2020-05-14,2392,16,135,3,"1885",26
"168","British Columbia",2020-05-15,2407,15,140,5,"1908",23
"169","British Columbia",2020-05-16,2428,21,141,1,"1932",24
"170","British Columbia",2020-05-17,2428,0,141,0,"1932",0
"171","British Columbia",2020-05-18,2444,16,143,2,"1966",34
"172","British Columbia",2020-05-19,2446,2,146,3,"1975",9
"173","British Columbia",2020-05-20,2467,21,149,3,"2001",26
"174","British Columbia",2020-05-21,2479,12,152,3,"2020",19
"175","British Columbia",2020-05-22,2507,28,155,3,"2042",22
"176","British Columbia",2020-05-23,2517,10,157,2,"2057",15
"177","British Columbia",2020-05-24,2517,0,157,0,"2057",0
"178","British Columbia",2020-05-25,2530,13,161,4,"2102",45
"179","British Columbia",2020-05-26,2541,11,161,0,"2122",20
"180","British Columbia",2020-05-27,2550,9,162,1,"2144",22
"181","British Columbia",2020-05-28,2558,8,164,2,"2153",9
"182","British Columbia",2020-05-29,2562,4,164,0,"2170",17
"183","British Columbia",2020-05-30,2573,11,164,0,"2181",11
"184","British Columbia",2020-05-31,2573,0,164,0,"2181",0
"185","British Columbia",2020-06-01,2597,24,165,1,"2207",26
"186","British Columbia",2020-06-02,2601,4,165,0,"2229",22
"187","Manitoba",2020-03-11,0,0,0,0,"N/A",NA
"188","Manitoba",2020-03-12,0,1,0,0,"N/A",NA
"189","Manitoba",2020-03-13,1,2,0,0,"N/A",NA
"190","Manitoba",2020-03-14,1,1,0,0,"N/A",NA
"191","Manitoba",2020-03-15,4,0,0,0,"N/A",NA
"192","Manitoba",2020-03-16,4,3,0,0,"N/A",NA
"193","Manitoba",2020-03-17,7,0,0,0,"N/A",NA
"194","Manitoba",2020-03-18,8,8,0,0,"N/A",NA
"195","Manitoba",2020-03-19,17,2,0,0,"N/A",NA
"196","Manitoba",2020-03-20,17,0,0,0,"N/A",NA
"197","Manitoba",2020-03-21,11,2,0,0,"N/A",NA
"198","Manitoba",2020-03-22,11,0,0,0,"N/A",NA
"199","Manitoba",2020-03-23,11,1,0,0,"N/A",NA
"200","Manitoba",2020-03-24,11,1,0,0,"N/A",NA
"201","Manitoba",2020-03-25,11,14,0,0,"N/A",NA
"202","Manitoba",2020-03-26,11,1,0,0,"1",NA
"203","Manitoba",2020-03-27,25,3,1,1,"1",0
"204","Manitoba",2020-03-28,25,25,1,0,"1",0
"205","Manitoba",2020-03-29,69,8,1,0,"1",0
"206","Manitoba",2020-03-30,83,24,1,0,"2",1
"207","Manitoba",2020-03-31,91,7,1,0,"4",2
"208","Manitoba",2020-04-01,109,24,1,0,"4",0
"209","Manitoba",2020-04-02,152,40,1,0,"11",7
"210","Manitoba",2020-04-03,164,15,2,1,"N/A",NA
"211","Manitoba",2020-04-04,172,12,2,0,"N/A",NA
"212","Manitoba",2020-04-05,187,9,2,0,"17",NA
"213","Manitoba",2020-04-06,190,1,2,0,"17",0
"214","Manitoba",2020-04-07,203,13,3,1,"",NA
"215","Manitoba",2020-04-08,206,4,3,0,"",NA
"216","Manitoba",2020-04-09,207,3,3,0,"",NA
"217","Manitoba",2020-04-10,215,6,4,1,"",NA
"218","Manitoba",2020-04-11,226,13,4,0,"",NA
"219","Manitoba",2020-04-12,226,-1,4,0,"",NA
"220","Manitoba",2020-04-13,229,4,4,0,"",NA
"221","Manitoba",2020-04-14,229,0,4,0,"",NA
"222","Manitoba",2020-04-15,231,0,5,1,"",NA
"223","Manitoba",2020-04-16,239,4,5,0,"",NA
"224","Manitoba",2020-04-17,239,0,5,0,"",NA
"225","Manitoba",2020-04-18,243,3,5,0,"132",132
"226","Manitoba",2020-04-19,245,0,5,0,"143",11
"227","Manitoba",2020-04-20,246,1,6,1,"143",0
"228","Manitoba",2020-04-21,246,1,6,0,"150",7
"229","Manitoba",2020-04-22,246,2,6,0,"154",4
"230","Manitoba",2020-04-23,251,5,6,0,"174",20
"231","Manitoba",2020-04-24,252,1,6,0,"196",22
"232","Manitoba",2020-04-25,256,4,6,0,"199",3
"233","Manitoba",2020-04-26,260,4,6,0,"199",0
"234","Manitoba",2020-04-27,261,1,6,0,"205",6
"235","Manitoba",2020-04-28,261,0,6,0,"209",4
"236","Manitoba",2020-04-29,263,1,6,0,"213",4
"237","Manitoba",2020-04-30,264,2,6,0,"220",7
"238","Manitoba",2020-05-01,268,4,6,0,"235",15
"239","Manitoba",2020-05-02,269,1,6,0,"236",1
"240","Manitoba",2020-05-03,270,1,6,0,"237",1
"241","Manitoba",2020-05-04,270,0,6,0,"238",1
"242","Manitoba",2020-05-05,271,1,7,1,"238",0
"243","Manitoba",2020-05-06,273,2,7,0,"242",4
"244","Manitoba",2020-05-07,272,-1,7,0,"243",1
"245","Manitoba",2020-05-08,273,1,7,0,"247",4
"246","Manitoba",2020-05-09,273,0,7,0,"247",0
"247","Manitoba",2020-05-10,276,3,7,0,"247",0
"248","Manitoba",2020-05-11,278,2,7,0,"247",0
"249","Manitoba",2020-05-12,279,1,7,0,"251",4
"250","Manitoba",2020-05-13,279,0,7,0,"251",0
"251","Manitoba",2020-05-14,278,-1,7,0,"252",1
"252","Manitoba",2020-05-15,278,0,7,0,"254",2
"253","Manitoba",2020-05-16,278,0,7,0,"257",3
"254","Manitoba",2020-05-17,278,0,7,0,"257",0
"255","Manitoba",2020-05-18,279,1,7,0,"257",0
"256","Manitoba",2020-05-19,279,0,7,0,"257",0
"257","Manitoba",2020-05-20,279,0,7,0,"257",0
"258","Manitoba",2020-05-21,279,0,7,0,"265",8
"259","Manitoba",2020-05-22,281,2,7,0,"267",2
"260","Manitoba",2020-05-23,281,0,7,0,"268",1
"261","Manitoba",2020-05-24,281,0,7,0,"268",0
"262","Manitoba",2020-05-25,281,0,7,0,"268",0
"263","Manitoba",2020-05-26,281,0,7,0,"269",1
"264","Manitoba",2020-05-27,281,0,7,0,"271",2
"265","Manitoba",2020-05-28,283,2,7,0,"273",2
"266","Manitoba",2020-05-29,283,0,7,0,"273",0
"267","Manitoba",2020-05-30,283,0,7,0,"278",5
"268","Manitoba",2020-05-31,284,1,7,0,"278",0
"269","Manitoba",2020-06-01,284,0,7,0,"278",0
"270","Manitoba",2020-06-02,286,2,7,0,"278",0
"271","New Brunswick",2020-03-11,0,0,0,0,"N/A",NA
"272","New Brunswick",2020-03-12,0,1,0,0,"N/A",NA
"273","New Brunswick",2020-03-13,1,0,0,0,"N/A",NA
"274","New Brunswick",2020-03-14,1,1,0,0,"N/A",NA
"275","New Brunswick",2020-03-15,1,0,0,0,"N/A",NA
"276","New Brunswick",2020-03-16,1,4,0,0,"N/A",NA
"277","New Brunswick",2020-03-17,2,1,0,0,"N/A",NA
"278","New Brunswick",2020-03-18,2,1,0,0,"N/A",NA
"279","New Brunswick",2020-03-19,7,3,0,0,"N/A",NA
"280","New Brunswick",2020-03-20,7,0,0,0,"N/A",NA
"281","New Brunswick",2020-03-21,9,6,0,0,"N/A",NA
"282","New Brunswick",2020-03-22,9,0,0,0,"N/A",NA
"283","New Brunswick",2020-03-23,9,0,0,0,"N/A",NA
"284","New Brunswick",2020-03-24,18,1,0,0,"N/A",NA
"285","New Brunswick",2020-03-25,26,8,0,0,"N/A",NA
"286","New Brunswick",2020-03-26,33,7,0,0,"N/A",NA
"287","New Brunswick",2020-03-27,45,12,0,0,"1",NA
"288","New Brunswick",2020-03-28,51,6,0,0,"2",1
"289","New Brunswick",2020-03-29,66,15,0,0,"2",0
"290","New Brunswick",2020-03-30,68,2,0,0,"2",0
"291","New Brunswick",2020-03-31,70,2,0,0,"9",7
"292","New Brunswick",2020-04-01,81,11,0,0,"14",5
"293","New Brunswick",2020-04-02,91,10,0,0,"22",8
"294","New Brunswick",2020-04-03,95,4,0,0,"N/A",NA
"295","New Brunswick",2020-04-04,98,3,0,0,"N/A",NA
"296","New Brunswick",2020-04-05,101,3,0,0,"28",NA
"297","New Brunswick",2020-04-06,103,2,0,0,"30",2
"298","New Brunswick",2020-04-07,105,2,0,0,"",NA
"299","New Brunswick",2020-04-08,108,3,0,0,"",NA
"300","New Brunswick",2020-04-09,111,3,0,0,"",NA
"301","New Brunswick",2020-04-10,112,1,0,0,"",NA
"302","New Brunswick",2020-04-11,112,0,0,0,"",NA
"303","New Brunswick",2020-04-12,114,2,0,0,"",NA
"304","New Brunswick",2020-04-13,116,2,0,0,"",NA
"305","New Brunswick",2020-04-14,116,0,0,0,"",NA
"306","New Brunswick",2020-04-15,117,1,0,0,"",NA
"307","New Brunswick",2020-04-16,117,0,0,0,"",NA
"308","New Brunswick",2020-04-17,117,0,0,0,"",NA
"309","New Brunswick",2020-04-18,118,1,0,0,"87",87
"310","New Brunswick",2020-04-19,118,0,0,0,"92",5
"311","New Brunswick",2020-04-20,118,0,0,0,"98",6
"312","New Brunswick",2020-04-21,118,0,0,0,"102",4
"313","New Brunswick",2020-04-22,118,0,0,0,"104",2
"314","New Brunswick",2020-04-23,118,0,0,0,"104",0
"315","New Brunswick",2020-04-24,118,0,0,0,"107",3
"316","New Brunswick",2020-04-25,118,0,0,0,"107",0
"317","New Brunswick",2020-04-26,118,0,0,0,"111",4
"318","New Brunswick",2020-04-27,118,0,0,0,"112",1
"319","New Brunswick",2020-04-28,118,0,0,0,"114",2
"320","New Brunswick",2020-04-29,118,0,0,0,"114",0
"321","New Brunswick",2020-04-30,118,0,0,0,"114",0
"322","New Brunswick",2020-05-01,118,0,0,0,"116",2
"323","New Brunswick",2020-05-02,118,0,0,0,"118",2
"324","New Brunswick",2020-05-03,118,0,0,0,"118",0
"325","New Brunswick",2020-05-04,118,0,0,0,"118",0
"326","New Brunswick",2020-05-05,119,1,0,0,"118",0
"327","New Brunswick",2020-05-06,120,1,0,0,"118",0
"328","New Brunswick",2020-05-07,120,0,0,0,"118",0
"329","New Brunswick",2020-05-08,120,0,0,0,"118",0
"330","New Brunswick",2020-05-09,120,0,0,0,"118",0
"331","New Brunswick",2020-05-10,120,0,0,0,"118",0
"332","New Brunswick",2020-05-11,120,0,0,0,"118",0
"333","New Brunswick",2020-05-12,120,0,0,0,"118",0
"334","New Brunswick",2020-05-13,120,0,0,0,"118",0
"335","New Brunswick",2020-05-14,120,0,0,0,"118",0
"336","New Brunswick",2020-05-15,120,0,0,0,"119",1
"337","New Brunswick",2020-05-16,120,0,0,0,"120",1
"338","New Brunswick",2020-05-17,120,0,0,0,"120",0
"339","New Brunswick",2020-05-18,120,0,0,0,"120",0
"340","New Brunswick",2020-05-19,120,0,0,0,"120",0
"341","New Brunswick",2020-05-20,120,0,0,0,"120",0
"342","New Brunswick",2020-05-21,121,1,0,0,"120",0
"343","New Brunswick",2020-05-22,121,0,0,0,"120",0
"344","New Brunswick",2020-05-23,121,0,0,0,"120",0
"345","New Brunswick",2020-05-24,121,0,0,0,"120",0
"346","New Brunswick",2020-05-25,121,0,0,0,"120",0
"347","New Brunswick",2020-05-26,122,1,0,0,"120",0
"348","New Brunswick",2020-05-27,123,1,0,0,"120",0
"349","New Brunswick",2020-05-28,126,3,0,0,"120",0
"350","New Brunswick",2020-05-29,128,2,0,0,"120",0
"351","New Brunswick",2020-05-30,129,1,0,0,"120",0
"352","New Brunswick",2020-05-31,132,3,0,0,"120",0
"353","New Brunswick",2020-06-01,132,0,0,0,"120",0
"354","New Brunswick",2020-06-02,133,1,0,0,"120",0
"355","Newfoundland and Labrador",2020-03-11,0,0,0,0,"N/A",NA
"356","Newfoundland and Labrador",2020-03-12,0,0,0,0,"N/A",NA
"357","Newfoundland and Labrador",2020-03-13,0,0,0,0,"N/A",NA
"358","Newfoundland and Labrador",2020-03-14,0,0,0,0,"N/A",NA
"359","Newfoundland and Labrador",2020-03-15,0,1,0,0,"N/A",NA
"360","Newfoundland and Labrador",2020-03-16,0,0,0,0,"N/A",NA
"361","Newfoundland and Labrador",2020-03-17,0,0,0,0,"N/A",NA
"362","Newfoundland and Labrador",2020-03-18,0,2,0,0,"N/A",NA
"363","Newfoundland and Labrador",2020-03-19,1,0,0,0,"N/A",NA
"364","Newfoundland and Labrador",2020-03-20,3,1,0,0,"N/A",NA
"365","Newfoundland and Labrador",2020-03-21,3,2,0,0,"N/A",NA
"366","Newfoundland and Labrador",2020-03-22,3,3,0,0,"N/A",NA
"367","Newfoundland and Labrador",2020-03-23,4,15,0,0,"N/A",NA
"368","Newfoundland and Labrador",2020-03-24,4,11,0,0,"N/A",NA
"369","Newfoundland and Labrador",2020-03-25,67,32,0,0,"N/A",NA
"370","Newfoundland and Labrador",2020-03-26,82,15,0,0,"N/A",NA
"371","Newfoundland and Labrador",2020-03-27,102,20,0,0,"N/A",NA
"372","Newfoundland and Labrador",2020-03-28,120,18,0,0,"4",NA
"373","Newfoundland and Labrador",2020-03-29,135,15,0,0,"4",0
"374","Newfoundland and Labrador",2020-03-30,148,13,1,1,"7",3
"375","Newfoundland and Labrador",2020-03-31,152,4,1,0,"7",0
"376","Newfoundland and Labrador",2020-04-01,175,23,1,0,"10",3
"377","Newfoundland and Labrador",2020-04-02,183,8,1,0,"10",0
"378","Newfoundland and Labrador",2020-04-03,183,0,1,0,"N/A",NA
"379","Newfoundland and Labrador",2020-04-04,195,12,1,0,"N/A",NA
"380","Newfoundland and Labrador",2020-04-05,217,22,1,0,"11",NA
"381","Newfoundland and Labrador",2020-04-06,226,9,2,1,"32",21
"382","Newfoundland and Labrador",2020-04-07,228,2,2,0,"",NA
"383","Newfoundland and Labrador",2020-04-08,232,4,2,0,"",NA
"384","Newfoundland and Labrador",2020-04-09,236,4,3,1,"",NA
"385","Newfoundland and Labrador",2020-04-10,239,3,3,0,"",NA
"386","Newfoundland and Labrador",2020-04-11,241,2,3,0,"",NA
"387","Newfoundland and Labrador",2020-04-12,242,1,3,0,"",NA
"388","Newfoundland and Labrador",2020-04-13,244,2,3,0,"",NA
"389","Newfoundland and Labrador",2020-04-14,244,0,3,0,"",NA
"390","Newfoundland and Labrador",2020-04-15,247,3,3,0,"",NA
"391","Newfoundland and Labrador",2020-04-16,252,5,3,0,"",NA
"392","Newfoundland and Labrador",2020-04-17,256,4,3,0,"",NA
"393","Newfoundland and Labrador",2020-04-18,257,1,3,0,"189",189
"394","Newfoundland and Labrador",2020-04-19,257,0,3,0,"191",2
"395","Newfoundland and Labrador",2020-04-20,257,0,3,0,"191",0
"396","Newfoundland and Labrador",2020-04-21,257,0,3,0,"194",3
"397","Newfoundland and Labrador",2020-04-22,256,-1,3,0,"199",5
"398","Newfoundland and Labrador",2020-04-23,256,0,3,0,"205",6
"399","Newfoundland and Labrador",2020-04-24,256,0,3,0,"207",2
"400","Newfoundland and Labrador",2020-04-25,257,1,3,0,"208",1
"401","Newfoundland and Labrador",2020-04-26,258,1,3,0,"219",11
"402","Newfoundland and Labrador",2020-04-27,258,0,3,0,"221",2
"403","Newfoundland and Labrador",2020-04-28,258,0,3,0,"222",1
"404","Newfoundland and Labrador",2020-04-29,258,0,3,0,"225",3
"405","Newfoundland and Labrador",2020-04-30,258,0,3,0,"225",0
"406","Newfoundland and Labrador",2020-05-01,259,1,3,0,"230",5
"407","Newfoundland and Labrador",2020-05-02,259,0,3,0,"231",1
"408","Newfoundland and Labrador",2020-05-03,259,0,3,0,"232",1
"409","Newfoundland and Labrador",2020-05-04,259,0,3,0,"233",1
"410","Newfoundland and Labrador",2020-05-05,259,0,3,0,"241",8
"411","Newfoundland and Labrador",2020-05-06,259,0,3,0,"244",3
"412","Newfoundland and Labrador",2020-05-07,261,2,3,0,"244",0
"413","Newfoundland and Labrador",2020-05-08,261,0,3,0,"244",0
"414","Newfoundland and Labrador",2020-05-09,261,0,3,0,"244",0
"415","Newfoundland and Labrador",2020-05-10,261,0,3,0,"244",0
"416","Newfoundland and Labrador",2020-05-11,261,0,3,0,"244",0
"417","Newfoundland and Labrador",2020-05-12,261,0,3,0,"247",3
"418","Newfoundland and Labrador",2020-05-13,261,0,3,0,"247",0
"419","Newfoundland and Labrador",2020-05-14,261,0,3,0,"248",1
"420","Newfoundland and Labrador",2020-05-15,260,-1,3,0,"248",0
"421","Newfoundland and Labrador",2020-05-16,260,0,3,0,"249",1
"422","Newfoundland and Labrador",2020-05-17,260,0,3,0,"249",0
"423","Newfoundland and Labrador",2020-05-18,260,0,3,0,"249",0
"424","Newfoundland and Labrador",2020-05-19,260,0,3,0,"250",1
"425","Newfoundland and Labrador",2020-05-20,260,0,3,0,"250",0
"426","Newfoundland and Labrador",2020-05-21,260,0,3,0,"253",3
"427","Newfoundland and Labrador",2020-05-22,260,0,3,0,"253",0
"428","Newfoundland and Labrador",2020-05-23,260,0,3,0,"254",1
"429","Newfoundland and Labrador",2020-05-24,260,0,3,0,"254",0
"430","Newfoundland and Labrador",2020-05-25,260,0,3,0,"254",0
"431","Newfoundland and Labrador",2020-05-26,260,0,3,0,"255",1
"432","Newfoundland and Labrador",2020-05-27,260,0,3,0,"255",0
"433","Newfoundland and Labrador",2020-05-28,261,1,3,0,"255",0
"434","Newfoundland and Labrador",2020-05-29,261,0,3,0,"255",0
"435","Newfoundland and Labrador",2020-05-30,261,0,3,0,"255",0
"436","Newfoundland and Labrador",2020-05-31,261,0,3,0,"255",0
"437","Newfoundland and Labrador",2020-06-01,261,0,3,0,"255",0
"438","Newfoundland and Labrador",2020-06-02,261,0,3,0,"256",1
"439","Nova Scotia",2020-03-11,0,0,0,0,"N/A",NA
"440","Nova Scotia",2020-03-12,0,0,0,0,"N/A",NA
"441","Nova Scotia",2020-03-13,0,0,0,0,"N/A",NA
"442","Nova Scotia",2020-03-14,0,0,0,0,"N/A",NA
"443","Nova Scotia",2020-03-15,0,0,0,0,"N/A",NA
"444","Nova Scotia",2020-03-16,0,3,0,0,"N/A",NA
"445","Nova Scotia",2020-03-17,0,2,0,0,"N/A",NA
"446","Nova Scotia",2020-03-18,1,2,0,0,"N/A",NA
"447","Nova Scotia",2020-03-19,5,7,0,0,"N/A",NA
"448","Nova Scotia",2020-03-20,5,1,0,0,"N/A",NA
"449","Nova Scotia",2020-03-21,9,6,0,0,"N/A",NA
"450","Nova Scotia",2020-03-22,28,7,0,0,"N/A",NA
"451","Nova Scotia",2020-03-23,41,13,0,0,"N/A",NA
"452","Nova Scotia",2020-03-24,51,10,0,0,"N/A",NA
"453","Nova Scotia",2020-03-25,68,17,0,0,"N/A",NA
"454","Nova Scotia",2020-03-26,73,5,0,0,"2",NA
"455","Nova Scotia",2020-03-27,90,17,0,0,"2",0
"456","Nova Scotia",2020-03-28,110,20,0,0,"4",2
"457","Nova Scotia",2020-03-29,122,12,0,0,"4",0
"458","Nova Scotia",2020-03-30,127,5,0,0,"10",6
"459","Nova Scotia",2020-03-31,147,20,0,0,"10",0
"460","Nova Scotia",2020-04-01,173,26,0,0,"11",1
"461","Nova Scotia",2020-04-02,193,20,0,0,"16",5
"462","Nova Scotia",2020-04-03,207,14,0,0,"N/A",NA
"463","Nova Scotia",2020-04-04,236,29,0,0,"N/A",NA
"464","Nova Scotia",2020-04-05,262,26,0,0,"50",NA
"465","Nova Scotia",2020-04-06,293,31,0,0,"64",14
"466","Nova Scotia",2020-04-07,310,17,0,0,"",NA
"467","Nova Scotia",2020-04-08,342,32,1,1,"",NA
"468","Nova Scotia",2020-04-09,373,31,2,1,"",NA
"469","Nova Scotia",2020-04-10,407,34,2,0,"",NA
"470","Nova Scotia",2020-04-11,428,21,2,0,"",NA
"471","Nova Scotia",2020-04-12,445,17,2,0,"",NA
"472","Nova Scotia",2020-04-13,474,29,3,1,"",NA
"473","Nova Scotia",2020-04-14,517,43,3,0,"",NA
"474","Nova Scotia",2020-04-15,549,32,3,0,"",NA
"475","Nova Scotia",2020-04-16,579,30,3,0,"",NA
"476","Nova Scotia",2020-04-17,606,27,4,1,"",NA
"477","Nova Scotia",2020-04-18,649,43,7,3,"184",184
"478","Nova Scotia",2020-04-19,675,26,9,2,"200",16
"479","Nova Scotia",2020-04-20,721,46,9,0,"248",48
"480","Nova Scotia",2020-04-21,737,16,10,1,"286",38
"481","Nova Scotia",2020-04-22,772,35,12,2,"330",44
"482","Nova Scotia",2020-04-23,827,55,16,4,"358",28
"483","Nova Scotia",2020-04-24,850,23,16,0,"392",34
"484","Nova Scotia",2020-04-25,865,15,22,6,"412",20
"485","Nova Scotia",2020-04-26,873,8,24,2,"439",27
"486","Nova Scotia",2020-04-27,900,27,24,0,"509",70
"487","Nova Scotia",2020-04-28,915,15,27,3,"522",13
"488","Nova Scotia",2020-04-29,935,20,28,1,"529",7
"489","Nova Scotia",2020-04-30,947,12,28,0,"545",16
"490","Nova Scotia",2020-05-01,959,12,29,1,"592",47
"491","Nova Scotia",2020-05-02,963,4,31,2,"609",17
"492","Nova Scotia",2020-05-03,971,8,37,6,"624",15
"493","Nova Scotia",2020-05-04,985,14,38,1,"638",14
"494","Nova Scotia",2020-05-05,991,6,41,3,"652",14
"495","Nova Scotia",2020-05-06,998,7,41,0,"661",9
"496","Nova Scotia",2020-05-07,1007,9,44,3,"708",47
"497","Nova Scotia",2020-05-08,1008,1,46,2,"722",14
"498","Nova Scotia",2020-05-09,1011,3,47,1,"743",21
"499","Nova Scotia",2020-05-10,1018,7,47,0,"749",6
"500","Nova Scotia",2020-05-11,1019,1,48,1,"767",18
"501","Nova Scotia",2020-05-12,1020,1,48,0,"864",97
"502","Nova Scotia",2020-05-13,1024,4,51,3,"870",6
"503","Nova Scotia",2020-05-14,1026,2,51,0,"909",39
"504","Nova Scotia",2020-05-15,1034,8,55,4,"918",9
"505","Nova Scotia",2020-05-16,1037,3,55,0,"930",12
"506","Nova Scotia",2020-05-17,1040,3,55,0,"938",8
"507","Nova Scotia",2020-05-18,1043,3,55,0,"946",8
"508","Nova Scotia",2020-05-19,1044,1,56,1,"956",10
"509","Nova Scotia",2020-05-20,1045,1,57,1,"956",0
"510","Nova Scotia",2020-05-21,1046,1,58,1,"959",3
"511","Nova Scotia",2020-05-22,1048,2,58,0,"961",2
"512","Nova Scotia",2020-05-23,1049,1,58,0,"969",8
"513","Nova Scotia",2020-05-24,1050,1,58,0,"973",4
"514","Nova Scotia",2020-05-25,1051,1,58,0,"974",1
"515","Nova Scotia",2020-05-26,1052,1,59,1,"976",2
"516","Nova Scotia",2020-05-27,1053,1,59,0,"975",-1
"517","Nova Scotia",2020-05-28,1055,2,59,0,"977",2
"518","Nova Scotia",2020-05-29,1055,0,59,0,"978",1
"519","Nova Scotia",2020-05-30,1056,1,60,1,"978",0
"520","Nova Scotia",2020-05-31,1056,0,60,0,"981",3
"521","Nova Scotia",2020-06-01,1057,1,60,0,"984",3
"522","Nova Scotia",2020-06-02,1057,0,60,0,"992",8
"523","Ontario",2020-01-31,3,3,0,0,"N/A",NA
"524","Ontario",2020-02-08,3,0,0,0,"N/A",NA
"525","Ontario",2020-02-16,3,0,0,0,"N/A",NA
"526","Ontario",2020-02-21,3,0,0,0,"N/A",NA
"527","Ontario",2020-02-24,4,1,0,0,"N/A",NA
"528","Ontario",2020-02-25,4,0,0,0,"N/A",NA
"529","Ontario",2020-02-26,5,1,0,0,"N/A",NA
"530","Ontario",2020-02-27,6,1,0,0,"N/A",NA
"531","Ontario",2020-02-29,8,2,0,0,"N/A",NA
"532","Ontario",2020-03-01,15,7,0,0,"N/A",NA
"533","Ontario",2020-03-03,20,5,0,0,"N/A",NA
"534","Ontario",2020-03-05,22,2,0,0,"N/A",NA
"535","Ontario",2020-03-06,28,6,0,0,"N/A",NA
"536","Ontario",2020-03-07,28,0,0,0,"N/A",NA
"537","Ontario",2020-03-08,31,3,0,0,"N/A",NA
"538","Ontario",2020-03-09,34,3,0,0,"N/A",NA
"539","Ontario",2020-03-11,42,8,1,1,"N/A",NA
"540","Ontario",2020-03-12,59,17,1,0,"N/A",NA
"541","Ontario",2020-03-13,79,20,1,0,"N/A",NA
"542","Ontario",2020-03-14,79,0,1,0,"N/A",NA
"543","Ontario",2020-03-15,103,24,1,0,"N/A",NA
"544","Ontario",2020-03-16,145,42,1,0,"N/A",NA
"545","Ontario",2020-03-17,177,32,1,0,"N/A",NA
"546","Ontario",2020-03-18,189,12,1,0,"N/A",NA
"547","Ontario",2020-03-19,258,69,2,1,"N/A",NA
"548","Ontario",2020-03-20,311,53,2,0,"N/A",NA
"549","Ontario",2020-03-21,377,66,3,1,"N/A",NA
"550","Ontario",2020-03-22,425,48,5,2,"N/A",NA
"551","Ontario",2020-03-23,503,78,6,1,"N/A",NA
"552","Ontario",2020-03-24,588,85,8,2,"N/A",NA
"553","Ontario",2020-03-25,688,100,13,5,"N/A",NA
"554","Ontario",2020-03-26,858,170,15,2,"8",NA
"555","Ontario",2020-03-27,993,135,18,3,"8",0
"556","Ontario",2020-03-28,993,0,18,0,"8",0
"557","Ontario",2020-03-29,1355,362,19,1,"8",0
"558","Ontario",2020-03-30,1706,351,33,14,"431",423
"559","Ontario",2020-03-31,1966,260,33,0,"534",103
"560","Ontario",2020-04-01,2392,426,37,4,"689",155
"561","Ontario",2020-04-02,2793,401,53,16,"831",142
"562","Ontario",2020-04-03,3255,462,67,14,"N/A",NA
"563","Ontario",2020-04-04,3630,375,94,27,"N/A",NA
"564","Ontario",2020-04-05,4038,408,119,25,"1219",NA
"565","Ontario",2020-04-06,4347,309,132,13,"1624",405
"566","Ontario",2020-04-07,4726,379,153,21,"",NA
"567","Ontario",2020-04-08,5276,550,174,21,"",NA
"568","Ontario",2020-04-09,5759,483,200,26,"",NA
"569","Ontario",2020-04-10,6237,478,222,22,"",NA
"570","Ontario",2020-04-11,6648,411,253,31,"",NA
"571","Ontario",2020-04-12,7049,401,274,21,"",NA
"572","Ontario",2020-04-13,7470,421,291,17,"",NA
"573","Ontario",2020-04-14,7953,483,334,43,"",NA
"574","Ontario",2020-04-15,8447,494,385,51,"",NA
"575","Ontario",2020-04-16,8961,514,423,38,"",NA
"576","Ontario",2020-04-17,9525,564,478,55,"",NA
"577","Ontario",2020-04-18,10010,485,514,36,"4875",4875
"578","Ontario",2020-04-19,10578,568,553,39,"5209",334
"579","Ontario",2020-04-20,11184,606,584,31,"5515",306
"580","Ontario",2020-04-21,11735,551,622,38,"5806",291
"581","Ontario",2020-04-22,12245,510,659,37,"6221",415
"582","Ontario",2020-04-23,12879,634,713,54,"6680",459
"583","Ontario",2020-04-24,13519,640,763,50,"7087",407
"584","Ontario",2020-04-25,13995,476,811,48,"7509",422
"585","Ontario",2020-04-26,14432,437,835,24,"8000",491
"586","Ontario",2020-04-27,14856,424,892,57,"8525",525
"587","Ontario",2020-04-28,15381,525,951,59,"8964",439
"588","Ontario",2020-04-29,15728,347,996,45,"9612",648
"589","Ontario",2020-04-30,16187,459,1082,86,"10205",593
"590","Ontario",2020-05-01,16608,421,1121,39,"10825",620
"591","Ontario",2020-05-02,17119,511,1176,55,"11390",565
"592","Ontario",2020-05-03,17553,434,1216,40,"12005",615
"593","Ontario",2020-05-04,17923,370,1300,84,"12505",500
"594","Ontario",2020-05-05,18310,387,1361,61,"12779",274
"595","Ontario",2020-05-06,18722,412,1429,68,"13222",443
"596","Ontario",2020-05-07,19121,399,1477,48,"13569",347
"597","Ontario",2020-05-08,19598,477,1540,63,"13990",421
"598","Ontario",2020-05-09,19944,346,1599,59,"14383",393
"599","Ontario",2020-05-10,20238,294,1634,35,"14772",389
"600","Ontario",2020-05-11,20546,308,1669,35,"15131",359
"601","Ontario",2020-05-12,20907,361,1725,56,"15391",260
"602","Ontario",2020-05-13,21236,329,1765,40,"15845",454
"603","Ontario",2020-05-14,21581,345,1798,33,"16204",359
"604","Ontario",2020-05-15,21922,341,1825,27,"16641",437
"605","Ontario",2020-05-16,22313,391,1858,33,"17020",379
"606","Ontario",2020-05-17,22653,340,1881,23,"17360",340
"607","Ontario",2020-05-18,22957,304,1904,23,"17638",278
"608","Ontario",2020-05-19,23384,427,1919,15,"17898",260
"609","Ontario",2020-05-20,23774,390,1962,43,"18190",292
"610","Ontario",2020-05-21,24187,413,1993,31,"18509",319
"611","Ontario",2020-05-22,24628,441,2021,28,"18767",258
"612","Ontario",2020-05-23,25040,412,2048,27,"19146",379
"613","Ontario",2020-05-24,25500,460,2073,25,"19477",331
"614","Ontario",2020-05-25,25904,404,2102,29,"19698",221
"615","Ontario",2020-05-26,26191,287,2123,21,"19958",260
"616","Ontario",2020-05-27,26483,292,2155,32,"20372",414
"617","Ontario",2020-05-28,26866,383,2189,34,"20673",301
"618","Ontario",2020-05-29,27210,344,2230,41,"20983",310
"619","Ontario",2020-05-30,27533,323,2247,17,"21353",370
"620","Ontario",2020-05-31,27859,326,2266,19,"21810",457
"621","Ontario",2020-06-01,28263,404,2276,10,"22153",343
"622","Ontario",2020-06-02,28709,446,2293,17,"22484",331
"623","Quebec",2020-03-01,1,1,0,0,"N/A",NA
"624","Quebec",2020-03-03,1,0,0,0,"N/A",NA
"625","Quebec",2020-03-05,2,1,0,0,"N/A",NA
"626","Quebec",2020-03-06,2,0,0,0,"N/A",NA
"627","Quebec",2020-03-07,2,0,0,0,"N/A",NA
"628","Quebec",2020-03-08,3,1,0,0,"N/A",NA
"629","Quebec",2020-03-09,4,1,0,0,"N/A",NA
"630","Quebec",2020-03-11,7,3,0,0,"N/A",NA
"631","Quebec",2020-03-12,13,6,0,0,"N/A",NA
"632","Quebec",2020-03-13,17,4,0,0,"N/A",NA
"633","Quebec",2020-03-14,17,0,0,0,"N/A",NA
"634","Quebec",2020-03-15,24,7,0,0,"N/A",NA
"635","Quebec",2020-03-16,39,15,0,0,"N/A",NA
"636","Quebec",2020-03-17,50,11,0,0,"N/A",NA
"637","Quebec",2020-03-18,74,24,1,1,"N/A",NA
"638","Quebec",2020-03-19,121,47,1,0,"N/A",NA
"639","Quebec",2020-03-20,139,18,1,0,"N/A",NA
"640","Quebec",2020-03-21,202,82,4,3,"N/A",NA
"641","Quebec",2020-03-22,221,0,4,0,"N/A",NA
"642","Quebec",2020-03-23,221,407,4,0,"N/A",NA
"643","Quebec",2020-03-24,221,385,4,0,"N/A",NA
"644","Quebec",2020-03-25,1339,326,6,2,"N/A",NA
"645","Quebec",2020-03-26,1629,290,8,2,"2",NA
"646","Quebec",2020-03-27,2021,392,18,10,"29",27
"647","Quebec",2020-03-28,2498,477,22,4,"29",0
"648","Quebec",2020-03-29,2840,342,22,0,"29",0
"649","Quebec",2020-03-30,3430,590,25,3,"29",0
"650","Quebec",2020-03-31,4162,732,31,6,"29",0
"651","Quebec",2020-04-01,4611,449,33,2,"29",0
"652","Quebec",2020-04-02,5518,907,36,3,"224",195
"653","Quebec",2020-04-03,6101,583,61,25,"N/A",NA
"654","Quebec",2020-04-04,6997,896,75,14,"N/A",NA
"655","Quebec",2020-04-05,7944,947,94,19,"0",NA
"656","Quebec",2020-04-06,8580,636,121,27,"611",611
"657","Quebec",2020-04-07,9340,760,150,29,"",NA
"658","Quebec",2020-04-08,10031,691,175,25,"",NA
"659","Quebec",2020-04-09,10912,881,216,41,"",NA
"660","Quebec",2020-04-10,11677,765,241,25,"",NA
"661","Quebec",2020-04-11,12292,615,289,48,"",NA
"662","Quebec",2020-04-12,12846,554,328,39,"",NA
"663","Quebec",2020-04-13,13557,711,360,32,"",NA
"664","Quebec",2020-04-14,14248,691,435,75,"",NA
"665","Quebec",2020-04-15,14860,612,487,52,"",NA
"666","Quebec",2020-04-16,15857,997,630,143,"",NA
"667","Quebec",2020-04-17,16798,941,688,58,"",NA
"668","Quebec",2020-04-18,17521,723,805,117,"3315",3315
"669","Quebec",2020-04-19,18357,836,877,72,"3555",240
"670","Quebec",2020-04-20,19319,962,939,62,"3847",292
"671","Quebec",2020-04-21,20126,807,1041,102,"4048",201
"672","Quebec",2020-04-22,20965,839,1134,93,"4291",243
"673","Quebec",2020-04-23,21838,873,1243,109,"4484",193
"674","Quebec",2020-04-24,22616,778,1340,97,"4724",240
"675","Quebec",2020-04-25,23267,651,1446,106,"5057",333
"676","Quebec",2020-04-26,24107,840,1515,69,"5342",285
"677","Quebec",2020-04-27,24982,875,1599,84,"5517",175
"678","Quebec",2020-04-28,25757,775,1682,83,"5841",324
"679","Quebec",2020-04-29,26594,837,1761,79,"6048",207
"680","Quebec",2020-04-30,27538,944,1859,98,"6299",251
"681","Quebec",2020-05-01,28648,1110,2022,163,"6700",401
"682","Quebec",2020-05-02,29656,1008,2136,114,"6965",265
"683","Quebec",2020-05-03,31865,2209,2205,69,"7258",293
"684","Quebec",2020-05-04,32623,758,2280,75,"7578",320
"685","Quebec",2020-05-05,33417,794,2398,118,"7923",345
"686","Quebec",2020-05-06,34327,910,2510,112,"8284",361
"687","Quebec",2020-05-07,35238,911,2631,121,"8673",389
"688","Quebec",2020-05-08,36150,912,2725,94,"8928",255
"689","Quebec",2020-05-09,36986,836,2786,61,"9268",340
"690","Quebec",2020-05-10,37721,735,2928,142,"9526",258
"691","Quebec",2020-05-11,38469,748,3013,85,"9703",177
"692","Quebec",2020-05-12,39225,756,3131,118,"10056",353
"693","Quebec",2020-05-13,39931,706,3220,89,"10470",414
"694","Quebec",2020-05-14,40724,793,3351,131,"10829",359
"695","Quebec",2020-05-15,41420,696,3401,50,"11039",210
"696","Quebec",2020-05-16,42183,763,3483,82,"11458",419
"697","Quebec",2020-05-17,42920,737,3562,79,"11754",296
"698","Quebec",2020-05-18,43627,707,3596,34,"12045",291
"699","Quebec",2020-05-19,44197,570,3647,51,"12497",452
"700","Quebec",2020-05-20,44775,578,3718,71,"12822",325
"701","Quebec",2020-05-21,45495,720,3800,82,"13327",505
"702","Quebec",2020-05-22,46141,646,3865,65,"13819",492
"703","Quebec",2020-05-23,46838,697,3940,75,"14044",225
"704","Quebec",2020-05-24,47411,573,3984,44,"14331",287
"705","Quebec",2020-05-25,47984,573,4069,85,"14654",323
"706","Quebec",2020-05-26,48598,614,4139,70,"14999",345
"707","Quebec",2020-05-27,49139,541,4228,89,"15319",320
"708","Quebec",2020-05-28,49702,563,4302,74,"15618",299
"709","Quebec",2020-05-29,50232,530,4363,61,"15908",290
"710","Quebec",2020-05-30,50651,419,4439,76,"16070",162
"711","Quebec",2020-05-31,51059,408,4641,202,"16346",276
"712","Quebec",2020-06-01,51354,295,4661,20,"16597",251
"713","Quebec",2020-06-02,51593,239,4713,52,"16803",206
"714","Saskatchewan",2020-03-11,0,0,0,0,"N/A",NA
"715","Saskatchewan",2020-03-12,0,1,0,0,"N/A",NA
"716","Saskatchewan",2020-03-13,0,0,0,0,"N/A",NA
"717","Saskatchewan",2020-03-14,0,1,0,0,"N/A",NA
"718","Saskatchewan",2020-03-15,0,0,0,0,"N/A",NA
"719","Saskatchewan",2020-03-16,1,4,0,0,"N/A",NA
"720","Saskatchewan",2020-03-17,2,1,0,0,"N/A",NA
"721","Saskatchewan",2020-03-18,2,1,0,0,"N/A",NA
"722","Saskatchewan",2020-03-19,8,12,0,0,"N/A",NA
"723","Saskatchewan",2020-03-20,8,6,0,0,"N/A",NA
"724","Saskatchewan",2020-03-21,25,18,0,0,"N/A",NA
"725","Saskatchewan",2020-03-22,33,8,0,0,"N/A",NA
"726","Saskatchewan",2020-03-23,65,14,0,0,"N/A",NA
"727","Saskatchewan",2020-03-24,72,6,0,0,"N/A",NA
"728","Saskatchewan",2020-03-25,86,14,0,0,"N/A",NA
"729","Saskatchewan",2020-03-26,95,9,0,0,"3",NA
"730","Saskatchewan",2020-03-27,104,9,0,0,"3",0
"731","Saskatchewan",2020-03-28,134,30,0,0,"3",0
"732","Saskatchewan",2020-03-29,134,0,0,0,"4",1
"733","Saskatchewan",2020-03-30,175,41,2,2,"14",10
"734","Saskatchewan",2020-03-31,184,9,2,0,"21",7
"735","Saskatchewan",2020-04-01,193,9,3,1,"30",9
"736","Saskatchewan",2020-04-02,206,13,3,0,"36",6
"737","Saskatchewan",2020-04-03,220,14,3,0,"N/A",NA
"738","Saskatchewan",2020-04-04,231,11,3,0,"N/A",NA
"739","Saskatchewan",2020-04-05,249,18,3,0,"55",NA
"740","Saskatchewan",2020-04-06,253,4,3,0,"81",26
"741","Saskatchewan",2020-04-07,260,7,3,0,"",NA
"742","Saskatchewan",2020-04-08,271,11,3,0,"",NA
"743","Saskatchewan",2020-04-09,278,7,3,0,"",NA
"744","Saskatchewan",2020-04-10,285,7,3,0,"",NA
"745","Saskatchewan",2020-04-11,289,4,4,1,"",NA
"746","Saskatchewan",2020-04-12,296,9,4,0,"",NA
"747","Saskatchewan",2020-04-13,300,2,4,0,"",NA
"748","Saskatchewan",2020-04-14,301,1,4,0,"",NA
"749","Saskatchewan",2020-04-15,304,3,4,0,"",NA
"750","Saskatchewan",2020-04-16,305,1,4,0,"",NA
"751","Saskatchewan",2020-04-17,306,2,4,0,"",NA
"752","Saskatchewan",2020-04-18,310,6,4,0,"234",234
"753","Saskatchewan",2020-04-19,314,2,4,0,"234",0
"754","Saskatchewan",2020-04-20,316,1,4,0,"238",4
"755","Saskatchewan",2020-04-21,320,4,4,0,"252",14
"756","Saskatchewan",2020-04-22,326,6,4,0,"261",9
"757","Saskatchewan",2020-04-23,331,5,4,0,"270",9
"758","Saskatchewan",2020-04-24,341,10,4,0,"280",10
"759","Saskatchewan",2020-04-25,347,8,4,0,"288",8
"760","Saskatchewan",2020-04-26,353,4,4,0,"288",0
"761","Saskatchewan",2020-04-27,365,12,5,1,"288",0
"762","Saskatchewan",2020-04-28,366,1,5,0,"291",3
"763","Saskatchewan",2020-04-29,383,17,6,1,"291",0
"764","Saskatchewan",2020-04-30,389,6,6,0,"295",4
"765","Saskatchewan",2020-05-01,415,26,6,0,"297",2
"766","Saskatchewan",2020-05-02,421,6,6,0,"302",5
"767","Saskatchewan",2020-05-03,433,12,6,0,"305",3
"768","Saskatchewan",2020-05-04,467,34,6,0,"307",2
"769","Saskatchewan",2020-05-05,487,20,6,0,"310",3
"770","Saskatchewan",2020-05-06,512,25,6,0,"312",2
"771","Saskatchewan",2020-05-07,531,19,6,0,"329",17
"772","Saskatchewan",2020-05-08,544,13,6,0,"335",6
"773","Saskatchewan",2020-05-09,553,9,6,0,"340",5
"774","Saskatchewan",2020-05-10,564,11,6,0,"349",9
"775","Saskatchewan",2020-05-11,568,4,6,0,"363",14
"776","Saskatchewan",2020-05-12,573,5,6,0,"374",11
"777","Saskatchewan",2020-05-13,577,4,6,0,"385",11
"778","Saskatchewan",2020-05-14,582,5,6,0,"398",13
"779","Saskatchewan",2020-05-15,590,8,6,0,"408",10
"780","Saskatchewan",2020-05-16,591,1,6,0,"433",25
"781","Saskatchewan",2020-05-17,592,1,6,0,"444",11
"782","Saskatchewan",2020-05-18,592,0,6,0,"455",11
"783","Saskatchewan",2020-05-19,599,7,6,0,"470",15
"784","Saskatchewan",2020-05-20,620,21,6,0,"470",0
"785","Saskatchewan",2020-05-21,622,2,7,1,"509",39
"786","Saskatchewan",2020-05-22,627,5,7,0,"521",12
"787","Saskatchewan",2020-05-23,630,3,7,0,"535",14
"788","Saskatchewan",2020-05-24,632,2,7,0,"538",3
"789","Saskatchewan",2020-05-25,634,2,7,0,"546",8
"790","Saskatchewan",2020-05-26,634,0,8,1,"549",3
"791","Saskatchewan",2020-05-27,637,3,10,2,"559",10
"792","Saskatchewan",2020-05-28,639,2,10,0,"568",9
"793","Saskatchewan",2020-05-29,641,2,10,0,"570",2
"794","Saskatchewan",2020-05-30,645,4,10,0,"580",10
"795","Saskatchewan",2020-05-31,646,1,11,1,"582",2
"796","Saskatchewan",2020-06-01,646,0,11,0,"588",6
"797","Saskatchewan",2020-06-02,646,0,11,0,"602",14
"798","Northwest Territories",2020-03-11,0,0,0,0,"N/A",NA
"799","Northwest Territories",2020-03-12,0,0,0,0,"N/A",NA
"800","Northwest Territories",2020-03-13,0,0,0,0,"N/A",NA
"801","Northwest Territories",2020-03-14,0,0,0,0,"N/A",NA
"802","Northwest Territories",2020-03-15,0,0,0,0,"N/A",NA
"803","Northwest Territories",2020-03-16,0,0,0,0,"N/A",NA
"804","Northwest Territories",2020-03-17,0,0,0,0,"N/A",NA
"805","Northwest Territories",2020-03-18,0,0,0,0,"N/A",NA
"806","Northwest Territories",2020-03-19,0,0,0,0,"N/A",NA
"807","Northwest Territories",2020-03-20,0,0,0,0,"N/A",NA
"808","Northwest Territories",2020-03-21,1,1,0,0,"N/A",NA
"809","Northwest Territories",2020-03-22,1,0,0,0,"N/A",NA
"810","Northwest Territories",2020-03-23,1,0,0,0,"N/A",NA
"811","Northwest Territories",2020-03-24,1,0,0,0,"N/A",NA
"812","Northwest Territories",2020-03-25,1,0,0,0,"N/A",NA
"813","Northwest Territories",2020-03-26,1,0,0,0,"N/A",NA
"814","Northwest Territories",2020-03-27,1,0,0,0,"N/A",NA
"815","Northwest Territories",2020-03-28,1,0,0,0,"N/A",NA
"816","Northwest Territories",2020-03-29,1,0,0,0,"N/A",NA
"817","Northwest Territories",2020-03-30,1,0,0,0,"N/A",NA
"818","Northwest Territories",2020-03-31,1,0,0,0,"N/A",NA
"819","Northwest Territories",2020-04-01,2,1,0,0,"N/A",NA
"820","Northwest Territories",2020-04-02,2,0,0,0,"N/A",NA
"821","Northwest Territories",2020-04-03,4,2,0,0,"N/A",NA
"822","Northwest Territories",2020-04-04,4,0,0,0,"N/A",NA
"823","Northwest Territories",2020-04-05,4,0,0,0,"1",NA
"824","Northwest Territories",2020-04-06,5,1,0,0,"1",0
"825","Northwest Territories",2020-04-07,5,0,0,0,"",NA
"826","Northwest Territories",2020-04-08,5,0,0,0,"",NA
"827","Northwest Territories",2020-04-09,5,0,0,0,"",NA
"828","Northwest Territories",2020-04-10,5,0,0,0,"",NA
"829","Northwest Territories",2020-04-11,5,0,0,0,"",NA
"830","Northwest Territories",2020-04-12,5,0,0,0,"",NA
"831","Northwest Territories",2020-04-13,5,0,0,0,"",NA
"832","Northwest Territories",2020-04-14,5,0,0,0,"",NA
"833","Northwest Territories",2020-04-15,5,0,0,0,"",NA
"834","Northwest Territories",2020-04-16,5,0,0,0,"",NA
"835","Northwest Territories",2020-04-17,5,0,0,0,"",NA
"836","Northwest Territories",2020-04-18,5,0,0,0,"3",3
"837","Northwest Territories",2020-04-19,5,0,0,0,"3",0
"838","Northwest Territories",2020-04-20,5,0,0,0,"5",2
"839","Northwest Territories",2020-04-21,5,0,0,0,"5",0
"840","Northwest Territories",2020-04-22,5,0,0,0,"5",0
"841","Northwest Territories",2020-04-23,5,0,0,0,"5",0
"842","Northwest Territories",2020-04-24,5,0,0,0,"5",0
"843","Northwest Territories",2020-04-25,5,0,0,0,"5",0
"844","Northwest Territories",2020-04-26,5,0,0,0,"5",0
"845","Northwest Territories",2020-04-27,5,0,0,0,"5",0
"846","Northwest Territories",2020-04-28,5,0,0,0,"5",0
"847","Northwest Territories",2020-04-29,5,0,0,0,"5",0
"848","Northwest Territories",2020-04-30,5,0,0,0,"5",0
"849","Northwest Territories",2020-05-01,5,0,0,0,"5",0
"850","Northwest Territories",2020-05-02,5,0,0,0,"5",0
"851","Northwest Territories",2020-05-03,5,0,0,0,"5",0
"852","Northwest Territories",2020-05-04,5,0,0,0,"5",0
"853","Northwest Territories",2020-05-05,5,0,0,0,"5",0
"854","Northwest Territories",2020-05-06,5,0,0,0,"5",0
"855","Northwest Territories",2020-05-07,5,0,0,0,"5",0
"856","Northwest Territories",2020-05-08,5,0,0,0,"5",0
"857","Northwest Territories",2020-05-09,5,0,0,0,"5",0
"858","Northwest Territories",2020-05-10,5,0,0,0,"5",0
"859","Northwest Territories",2020-05-11,5,0,0,0,"5",0
"860","Northwest Territories",2020-05-12,5,0,0,0,"5",0
"861","Northwest Territories",2020-05-13,5,0,0,0,"5",0
"862","Northwest Territories",2020-05-14,5,0,0,0,"5",0
"863","Northwest Territories",2020-05-15,5,0,0,0,"5",0
"864","Northwest Territories",2020-05-16,5,0,0,0,"5",0
"865","Northwest Territories",2020-05-17,5,0,0,0,"5",0
"866","Northwest Territories",2020-05-18,5,0,0,0,"5",0
"867","Northwest Territories",2020-05-19,5,0,0,0,"5",0
"868","Northwest Territories",2020-05-20,5,0,0,0,"5",0
"869","Northwest Territories",2020-05-21,5,0,0,0,"5",0
"870","Northwest Territories",2020-05-22,5,0,0,0,"5",0
"871","Northwest Territories",2020-05-23,5,0,0,0,"5",0
"872","Northwest Territories",2020-05-24,5,0,0,0,"5",0
"873","Northwest Territories",2020-05-25,5,0,0,0,"5",0
"874","Northwest Territories",2020-05-26,5,0,0,0,"5",0
"875","Northwest Territories",2020-05-27,5,0,0,0,"5",0
"876","Northwest Territories",2020-05-28,5,0,0,0,"5",0
"877","Northwest Territories",2020-05-29,5,0,0,0,"5",0
"878","Northwest Territories",2020-05-30,5,0,0,0,"5",0
"879","Northwest Territories",2020-05-31,5,0,0,0,"5",0
"880","Northwest Territories",2020-06-01,5,0,0,0,"5",0
"881","Northwest Territories",2020-06-02,5,0,0,0,"5",0
"882","Nunavut",2020-03-11,0,0,0,0,"N/A",NA
"883","Nunavut",2020-03-12,0,0,0,0,"N/A",NA
"884","Nunavut",2020-03-13,0,0,0,0,"N/A",NA
"885","Nunavut",2020-03-14,0,0,0,0,"N/A",NA
"886","Nunavut",2020-03-15,0,0,0,0,"N/A",NA
"887","Nunavut",2020-03-16,0,0,0,0,"N/A",NA
"888","Nunavut",2020-03-17,0,0,0,0,"N/A",NA
"889","Nunavut",2020-03-18,0,0,0,0,"N/A",NA
"890","Nunavut",2020-03-19,0,0,0,0,"N/A",NA
"891","Nunavut",2020-03-20,0,0,0,0,"N/A",NA
"892","Nunavut",2020-03-21,0,0,0,0,"N/A",NA
"893","Nunavut",2020-03-22,0,0,0,0,"N/A",NA
"894","Nunavut",2020-03-23,0,0,0,0,"N/A",NA
"895","Nunavut",2020-03-24,0,0,0,0,"N/A",NA
"896","Nunavut",2020-03-25,0,0,0,0,"N/A",NA
"897","Nunavut",2020-03-26,0,0,0,0,"N/A",NA
"898","Nunavut",2020-03-27,0,0,0,0,"N/A",NA
"899","Nunavut",2020-03-28,0,0,0,0,"N/A",NA
"900","Nunavut",2020-03-29,0,0,0,0,"N/A",NA
"901","Nunavut",2020-03-30,0,0,0,0,"N/A",NA
"902","Nunavut",2020-03-31,0,0,0,0,"N/A",NA
"903","Nunavut",2020-04-01,0,0,0,0,"N/A",NA
"904","Nunavut",2020-04-02,0,0,0,0,"N/A",NA
"905","Nunavut",2020-04-03,0,0,0,0,"N/A",NA
"906","Nunavut",2020-04-04,0,0,0,0,"N/A",NA
"907","Nunavut",2020-04-05,0,0,0,0,"0",NA
"908","Nunavut",2020-04-06,0,0,0,0,"0",0
"909","Nunavut",2020-04-07,0,0,0,0,"",NA
"910","Nunavut",2020-04-08,0,0,0,0,"",NA
"911","Nunavut",2020-04-09,0,0,0,0,"",NA
"912","Nunavut",2020-04-10,0,0,0,0,"",NA
"913","Nunavut",2020-04-11,0,0,0,0,"",NA
"914","Nunavut",2020-04-12,0,0,0,0,"",NA
"915","Nunavut",2020-04-13,0,0,0,0,"",NA
"916","Nunavut",2020-04-14,0,0,0,0,"",NA
"917","Nunavut",2020-04-15,0,0,0,0,"",NA
"918","Nunavut",2020-04-16,0,0,0,0,"",NA
"919","Nunavut",2020-04-17,0,0,0,0,"",NA
"920","Nunavut",2020-04-18,0,0,0,0,"0",0
"921","Nunavut",2020-04-19,0,0,0,0,"0",0
"922","Nunavut",2020-04-20,0,0,0,0,"0",0
"923","Nunavut",2020-04-21,0,0,0,0,"0",0
"924","Nunavut",2020-04-22,0,0,0,0,"0",0
"925","Nunavut",2020-04-23,0,0,0,0,"0",0
"926","Nunavut",2020-04-24,0,0,0,0,"0",0
"927","Nunavut",2020-04-25,0,0,0,0,"0",0
"928","Nunavut",2020-04-26,0,0,0,0,"0",0
"929","Nunavut",2020-04-27,0,0,0,0,"0",0
"930","Nunavut",2020-04-28,0,0,0,0,"0",0
"931","Nunavut",2020-04-29,0,0,0,0,"0",0
"932","Nunavut",2020-04-30,0,0,0,0,"0",0
"933","Nunavut",2020-05-01,0,0,0,0,"0",0
"934","Nunavut",2020-05-02,0,0,0,0,"0",0
"935","Nunavut",2020-05-03,0,0,0,0,"0",0
"936","Nunavut",2020-05-04,0,0,0,0,"0",0
"937","Nunavut",2020-05-05,0,0,0,0,"0",0
"938","Nunavut",2020-05-06,0,0,0,0,"0",0
"939","Nunavut",2020-05-07,0,0,0,0,"0",0
"940","Nunavut",2020-05-08,0,0,0,0,"0",0
"941","Nunavut",2020-05-09,0,0,0,0,"0",0
"942","Nunavut",2020-05-10,0,0,0,0,"0",0
"943","Nunavut",2020-05-11,0,0,0,0,"0",0
"944","Nunavut",2020-05-12,0,0,0,0,"0",0
"945","Nunavut",2020-05-13,0,0,0,0,"0",0
"946","Nunavut",2020-05-14,0,0,0,0,"0",0
"947","Nunavut",2020-05-15,0,0,0,0,"0",0
"948","Nunavut",2020-05-16,0,0,0,0,"0",0
"949","Nunavut",2020-05-17,0,0,0,0,"0",0
"950","Nunavut",2020-05-18,0,0,0,0,"0",0
"951","Nunavut",2020-05-19,0,0,0,0,"0",0
"952","Nunavut",2020-05-20,0,0,0,0,"0",0
"953","Nunavut",2020-05-21,0,0,0,0,"0",0
"954","Nunavut",2020-05-22,0,0,0,0,"0",0
"955","Nunavut",2020-05-23,0,0,0,0,"0",0
"956","Nunavut",2020-05-24,0,0,0,0,"0",0
"957","Nunavut",2020-05-25,0,0,0,0,"0",0
"958","Nunavut",2020-05-26,0,0,0,0,"0",0
"959","Nunavut",2020-05-27,0,0,0,0,"0",0
"960","Nunavut",2020-05-28,0,0,0,0,"0",0
"961","Nunavut",2020-05-29,0,0,0,0,"0",0
"962","Nunavut",2020-05-30,0,0,0,0,"0",0
"963","Nunavut",2020-05-31,0,0,0,0,"0",0
"964","Nunavut",2020-06-01,0,0,0,0,"0",0
"965","Nunavut",2020-06-02,0,0,0,0,"0",0
"966","Prince Edward Island",2020-03-11,0,0,0,0,"N/A",NA
"967","Prince Edward Island",2020-03-12,0,0,0,0,"N/A",NA
"968","Prince Edward Island",2020-03-13,0,0,0,0,"N/A",NA
"969","Prince Edward Island",2020-03-14,0,0,0,0,"N/A",NA
"970","Prince Edward Island",2020-03-15,1,1,0,0,"N/A",NA
"971","Prince Edward Island",2020-03-16,1,0,0,0,"N/A",NA
"972","Prince Edward Island",2020-03-17,1,0,0,0,"N/A",NA
"973","Prince Edward Island",2020-03-18,1,0,0,0,"N/A",NA
"974","Prince Edward Island",2020-03-19,2,1,0,0,"N/A",NA
"975","Prince Edward Island",2020-03-20,2,0,0,0,"N/A",NA
"976","Prince Edward Island",2020-03-21,2,0,0,0,"N/A",NA
"977","Prince Edward Island",2020-03-22,3,1,0,0,"N/A",NA
"978","Prince Edward Island",2020-03-23,3,0,0,0,"N/A",NA
"979","Prince Edward Island",2020-03-24,3,0,0,0,"N/A",NA
"980","Prince Edward Island",2020-03-25,5,2,0,0,"N/A",NA
"981","Prince Edward Island",2020-03-26,9,4,0,0,"1",NA
"982","Prince Edward Island",2020-03-27,11,2,0,0,"1",0
"983","Prince Edward Island",2020-03-28,11,0,0,0,"1",0
"984","Prince Edward Island",2020-03-29,11,0,0,0,"1",0
"985","Prince Edward Island",2020-03-30,18,7,0,0,"1",0
"986","Prince Edward Island",2020-03-31,21,3,0,0,"1",0
"987","Prince Edward Island",2020-04-01,21,0,0,0,"3",2
"988","Prince Edward Island",2020-04-02,22,1,0,0,"3",0
"989","Prince Edward Island",2020-04-03,22,0,0,0,"N/A",NA
"990","Prince Edward Island",2020-04-04,22,0,0,0,"N/A",NA
"991","Prince Edward Island",2020-04-05,22,0,0,0,"6",NA
"992","Prince Edward Island",2020-04-06,22,0,0,0,"8",2
"993","Prince Edward Island",2020-04-07,22,0,0,0,"",NA
"994","Prince Edward Island",2020-04-08,24,2,0,0,"",NA
"995","Prince Edward Island",2020-04-09,25,1,0,0,"",NA
"996","Prince Edward Island",2020-04-10,25,0,0,0,"",NA
"997","Prince Edward Island",2020-04-11,25,0,0,0,"",NA
"998","Prince Edward Island",2020-04-12,25,0,0,0,"",NA
"999","Prince Edward Island",2020-04-13,25,0,0,0,"",NA
"1000","Prince Edward Island",2020-04-14,25,0,0,0,"",NA
"1001","Prince Edward Island",2020-04-15,26,1,0,0,"",NA
"1002","Prince Edward Island",2020-04-16,26,0,0,0,"",NA
"1003","Prince Edward Island",2020-04-17,26,0,0,0,"",NA
"1004","Prince Edward Island",2020-04-18,26,0,0,0,"23",23
"1005","Prince Edward Island",2020-04-19,26,0,0,0,"23",0
"1006","Prince Edward Island",2020-04-20,26,0,0,0,"23",0
"1007","Prince Edward Island",2020-04-21,26,0,0,0,"23",0
"1008","Prince Edward Island",2020-04-22,26,0,0,0,"24",1
"1009","Prince Edward Island",2020-04-23,26,0,0,0,"24",0
"1010","Prince Edward Island",2020-04-24,26,0,0,0,"24",0
"1011","Prince Edward Island",2020-04-25,26,0,0,0,"24",0
"1012","Prince Edward Island",2020-04-26,26,0,0,0,"24",0
"1013","Prince Edward Island",2020-04-27,26,0,0,0,"24",0
"1014","Prince Edward Island",2020-04-28,27,1,0,0,"24",0
"1015","Prince Edward Island",2020-04-29,27,0,0,0,"24",0
"1016","Prince Edward Island",2020-04-30,27,0,0,0,"24",0
"1017","Prince Edward Island",2020-05-01,27,0,0,0,"24",0
"1018","Prince Edward Island",2020-05-02,27,0,0,0,"24",0
"1019","Prince Edward Island",2020-05-03,27,0,0,0,"24",0
"1020","Prince Edward Island",2020-05-04,27,0,0,0,"25",1
"1021","Prince Edward Island",2020-05-05,27,0,0,0,"25",0
"1022","Prince Edward Island",2020-05-06,27,0,0,0,"26",1
"1023","Prince Edward Island",2020-05-07,27,0,0,0,"26",0
"1024","Prince Edward Island",2020-05-08,27,0,0,0,"27",1
"1025","Prince Edward Island",2020-05-09,27,0,0,0,"27",0
"1026","Prince Edward Island",2020-05-10,27,0,0,0,"27",0
"1027","Prince Edward Island",2020-05-11,27,0,0,0,"27",0
"1028","Prince Edward Island",2020-05-12,27,0,0,0,"27",0
"1029","Prince Edward Island",2020-05-13,27,0,0,0,"27",0
"1030","Prince Edward Island",2020-05-14,27,0,0,0,"27",0
"1031","Prince Edward Island",2020-05-15,27,0,0,0,"27",0
"1032","Prince Edward Island",2020-05-16,27,0,0,0,"27",0
"1033","Prince Edward Island",2020-05-17,27,0,0,0,"27",0
"1034","Prince Edward Island",2020-05-18,27,0,0,0,"27",0
"1035","Prince Edward Island",2020-05-19,27,0,0,0,"27",0
"1036","Prince Edward Island",2020-05-20,27,0,0,0,"27",0
"1037","Prince Edward Island",2020-05-21,27,0,0,0,"27",0
"1038","Prince Edward Island",2020-05-22,27,0,0,0,"27",0
"1039","Prince Edward Island",2020-05-23,27,0,0,0,"27",0
"1040","Prince Edward Island",2020-05-24,27,0,0,0,"27",0
"1041","Prince Edward Island",2020-05-25,27,0,0,0,"27",0
"1042","Prince Edward Island",2020-05-26,27,0,0,0,"27",0
"1043","Prince Edward Island",2020-05-27,27,0,0,0,"27",0
"1044","Prince Edward Island",2020-05-28,27,0,0,0,"27",0
"1045","Prince Edward Island",2020-05-29,27,0,0,0,"27",0
"1046","Prince Edward Island",2020-05-30,27,0,0,0,"27",0
"1047","Prince Edward Island",2020-05-31,27,0,0,0,"27",0
"1048","Prince Edward Island",2020-06-01,27,0,0,0,"27",0
"1049","Prince Edward Island",2020-06-02,27,0,0,0,"27",0
"1050","Yukon",2020-03-11,0,0,0,0,"N/A",NA
"1051","Yukon",2020-03-12,0,0,0,0,"N/A",NA
"1052","Yukon",2020-03-13,0,0,0,0,"N/A",NA
"1053","Yukon",2020-03-14,0,0,0,0,"N/A",NA
"1054","Yukon",2020-03-15,0,0,0,0,"N/A",NA
"1055","Yukon",2020-03-16,0,0,0,0,"N/A",NA
"1056","Yukon",2020-03-17,0,0,0,0,"N/A",NA
"1057","Yukon",2020-03-18,0,0,0,0,"N/A",NA
"1058","Yukon",2020-03-19,0,0,0,0,"N/A",NA
"1059","Yukon",2020-03-20,0,0,0,0,"N/A",NA
"1060","Yukon",2020-03-21,0,0,0,0,"N/A",NA
"1061","Yukon",2020-03-22,0,0,0,0,"N/A",NA
"1062","Yukon",2020-03-23,2,0,0,0,"N/A",NA
"1063","Yukon",2020-03-24,2,0,0,0,"N/A",NA
"1064","Yukon",2020-03-25,3,0,0,0,"N/A",NA
"1065","Yukon",2020-03-26,3,0,0,0,"N/A",NA
"1066","Yukon",2020-03-27,3,0,0,0,"N/A",NA
"1067","Yukon",2020-03-28,4,0,0,0,"N/A",NA
"1068","Yukon",2020-03-29,4,0,0,0,"N/A",NA
"1069","Yukon",2020-03-30,5,1,0,0,"N/A",NA
"1070","Yukon",2020-03-31,5,0,0,0,"N/A",NA
"1071","Yukon",2020-04-01,5,0,0,0,"3",NA
"1072","Yukon",2020-04-02,6,1,0,0,"3",0
"1073","Yukon",2020-04-03,6,0,0,0,"N/A",NA
"1074","Yukon",2020-04-04,6,0,0,0,"N/A",NA
"1075","Yukon",2020-04-05,6,0,0,0,"4",NA
"1076","Yukon",2020-04-06,7,1,0,0,"4",0
"1077","Yukon",2020-04-07,7,0,0,0,"",NA
"1078","Yukon",2020-04-08,7,0,0,0,"",NA
"1079","Yukon",2020-04-09,8,1,0,0,"",NA
"1080","Yukon",2020-04-10,8,0,0,0,"",NA
"1081","Yukon",2020-04-11,8,0,0,0,"",NA
"1082","Yukon",2020-04-12,8,0,0,0,"",NA
"1083","Yukon",2020-04-13,8,0,0,0,"",NA
"1084","Yukon",2020-04-14,8,0,0,0,"",NA
"1085","Yukon",2020-04-15,8,0,0,0,"",NA
"1086","Yukon",2020-04-16,8,0,0,0,"",NA
"1087","Yukon",2020-04-17,9,1,0,0,"",NA
"1088","Yukon",2020-04-18,9,0,0,0,"8",8
"1089","Yukon",2020-04-19,9,0,0,0,"8",0
"1090","Yukon",2020-04-20,11,2,0,0,"8",0
"1091","Yukon",2020-04-21,11,0,0,0,"8",0
"1092","Yukon",2020-04-22,11,0,0,0,"8",0
"1093","Yukon",2020-04-23,11,0,0,0,"8",0
"1094","Yukon",2020-04-24,11,0,0,0,"8",0
"1095","Yukon",2020-04-25,11,0,0,0,"8",0
"1096","Yukon",2020-04-26,11,0,0,0,"8",0
"1097","Yukon",2020-04-27,11,0,0,0,"8",0
"1098","Yukon",2020-04-28,11,0,0,0,"8",0
"1099","Yukon",2020-04-29,11,0,0,0,"8",0
"1100","Yukon",2020-04-30,11,0,0,0,"9",1
"1101","Yukon",2020-05-01,11,0,0,0,"11",2
"1102","Yukon",2020-05-02,11,0,0,0,"11",0
"1103","Yukon",2020-05-03,11,0,0,0,"11",0
"1104","Yukon",2020-05-04,11,0,0,0,"11",0
"1105","Yukon",2020-05-05,11,0,0,0,"11",0
"1106","Yukon",2020-05-06,11,0,0,0,"11",0
"1107","Yukon",2020-05-07,11,0,0,0,"11",0
"1108","Yukon",2020-05-08,11,0,0,0,"11",0
"1109","Yukon",2020-05-09,11,0,0,0,"11",0
"1110","Yukon",2020-05-10,11,0,0,0,"11",0
"1111","Yukon",2020-05-11,11,0,0,0,"11",0
"1112","Yukon",2020-05-12,11,0,0,0,"11",0
"1113","Yukon",2020-05-13,11,0,0,0,"11",0
"1114","Yukon",2020-05-14,11,0,0,0,"11",0
"1115","Yukon",2020-05-15,11,0,0,0,"11",0
"1116","Yukon",2020-05-16,11,0,0,0,"11",0
"1117","Yukon",2020-05-17,11,0,0,0,"11",0
"1118","Yukon",2020-05-18,11,0,0,0,"11",0
"1119","Yukon",2020-05-19,11,0,0,0,"11",0
"1120","Yukon",2020-05-20,11,0,0,0,"11",0
"1121","Yukon",2020-05-21,11,0,0,0,"11",0
"1122","Yukon",2020-05-22,11,0,0,0,"11",0
"1123","Yukon",2020-05-23,11,0,0,0,"11",0
"1124","Yukon",2020-05-24,11,0,0,0,"11",0
"1125","Yukon",2020-05-25,11,0,0,0,"11",0
"1126","Yukon",2020-05-26,11,0,0,0,"11",0
"1127","Yukon",2020-05-27,11,0,0,0,"11",0
"1128","Yukon",2020-05-28,11,0,0,0,"11",0
"1129","Yukon",2020-05-29,11,0,0,0,"11",0
"1130","Yukon",2020-05-30,11,0,0,0,"11",0
"1131","Yukon",2020-05-31,11,0,0,0,"11",0
"1132","Yukon",2020-06-01,11,0,0,0,"11",0
"1133","Yukon",2020-06-02,11,0,0,0,"11",0
